brand,category,model,price
Craftsman,Tools_Tool Storage_Tools Storage Accessories,Craftsman 3-Drawer Portable Tool Chest - Red,59.99
Craftsman,Tools_Tool Storage_Tools Storage Accessories,Craftsman 41&#8221; 7 Drawer Cabinet,599.99
Craftsman,Tools_Tool Storage_Tools Storage Accessories,Craftsman 13-in and 18-in Tool Bag Set,14.99
Costway,Tools_Tool Storage_Tools Storage Accessories,Costway High Capacity 6-Drawer Rolling Tool Chest Storage Cabinet Toolbox Combo with Riser,219.00
Craftsman,Tools_Tool Storage_Tools Storage Accessories,Craftsman 52 in. 11-Drawer Rolling Tool Cabinet,749.99
Craftsman,Tools_Tool Storage_Tools Storage Accessories,Craftsman 48 in. Adjustable Height Workbench with Pegboard and LED Light,199.99
Craftsman,Tools_Tool Storage_Tools Storage Accessories,Craftsman 52 in. 6-Drawer Tool Chest,399.99
Craftsman,Tools_Tool Storage_Tools Storage Accessories,Craftsman 41&#8221; 6 Drawer Chest,259.99
DieHard,Tools_Tool Storage_Tools Storage Accessories,DieHard 26&#8221; Bottom Rollaway Chest with 4 Drawers,199.99
DieHard,Tools_Tool Storage_Tools Storage Accessories,DieHard 26&#8221; Top Chest with 4 Drawers,139.99
Gymax,Tools_Tool Storage_Tools Storage Accessories,Gymax 2 in 1 Rolling Garage Toolbox Storage Chest Cabinet Organizer w/ 6 Drawers Red,179.95
Costway,Tools_Tool Storage_Tools Storage Accessories,Costway 2 in 1 Rolling Cabinet Storage Chest Box Garage Toolbox Organizer with 6 Drawers,189.00
Gymax,Tools_Tool Storage_Tools Storage Accessories,Gymax High Capacity 6-Drawer Rolling Tool Chest Storage Cabinet Toolbox Combo w/ Riser,209.95
Powerbuilt,Tools_Tool Storage_Tools Storage Accessories,Powerbuilt 26 Inch Rapid Box Portable Slant Front Power Tool Grey Locker Box - 941805E,
Craftsman,Tools_Tool Storage_Tools Storage Accessories,Craftsman 19-in Toolbox with Tray - Black/Red,24.99
Manhattan Comfort,Tools_Tool Storage_Tools Storage Accessories,"Manhattan Comfort Fortress Rolling 2 Door Garage Storage Cabinet, Black/Gray",278.17
The Original Pink Box,Tools_Tool Storage_Tools Storage Accessories,"The Original Pink Box PB218MC 18"" 2-Drawer  Mini Chest, Pink",
Costway,Tools_Tool Storage_Tools Storage Accessories,Costway Three Tray Rolling Tool Cart Mechanic Cabinet Storage ToolBox Organizer w/Drawer,129.99
Costway,Tools_Tool Storage_Tools Storage Accessories,Costway 6-Drawer Rolling Tool Chest Storage Cabinet w/Riser Red,229.99
Gymax,Tools_Tool Storage_Tools Storage Accessories,"Gymax 6-Drawer Rolling Tool Chest Removable Tool Storage Cabinet with Sliding Drawers, Keyed Locking System Toolbox Organizer (Black)",189.95
